x1,x2,x3,y
-0.6638626248915218,-1.0,0.41012195640653015,4.858286813753908
0.19647385229341063,1.0,-0.7115327014805763,11.023893661268723
-0.2846651317440183,-0.7502813735214464,0.4581780314174422,0.9865892521959334
-1.0,0.3467835578402292,-0.9299864214555074,11.491712824641906
0.35229675784302605,0.21632462927629814,0.16241974100119072,0.9475399473347687
1.0,0.7137625866694857,0.7845752614376789,16.929354697246062
0.18795073212767988,0.13065704360807695,0.030667752841220253,0.9135173580094241
-0.19419220734812392,0.262177608423356,1.0,1.5125098372642705
-0.28295753611484264,0.014409990207742807,-0.750717903523674,0.5736456757094182
0.14847027688295245,-0.9114755865800146,-0.5306803836495633,0.17012501638975525
-0.9535089644394883,-0.39769476341098686,-0.5600706861949896,-0.18097303882866642
-0.815171588090742,1.0,-0.6967817538018202,3.6013924648905578
0.4766391363582587,0.11165579210924648,-0.7946074286456619,1.2312139680666259
-1.0,0.10601529176026436,-0.32420106197866283,-2.8604576127047507
0.15895712381785643,-0.2612183591240933,0.13775595673343766,1.5576547612014506
-0.2632098781254173,-0.6141157861904407,-1.0,-5.930813484962676
1.0,-0.2125242584521423,0.21663666553362315,4.770775139982007
0.807832416136425,-0.4999826655269044,-0.3321775107381739,1.9119430154909134
0.004732820014686556,-0.04390052013777046,-0.16920812494546333,1.1535885241984754
0.6581489907106519,0.5251389484908244,0.3420872011291105,2.263019820842844
0.2793122819885323,-0.6130869447176737,1.0,-3.182229253153502
1.0,0.7145345216285182,0.45938784963642476,10.233922927279014
1.0,-1.0,-0.1423351427183377,-8.095458245228544
0.18443399469130806,-0.13983930634651953,-0.5843404728853783,0.7562718896132263
-1.0,0.7700155620455102,1.0,10.194985663743541
0.20153323710319881,-1.0,0.6840332872425707,-0.88875207464232
0.33899567372384376,0.13814400589786557,-1.0,-3.3219991058388922
0.004085195892733262,0.060144562912565425,0.7891814486690092,-0.21347562421444313
0.4199398678993802,0.3416946087680177,-0.04275679228720897,1.4913817122284754
0.19401363908978486,0.8077530095177239,-0.9331485464419902,-1.0601990959828003
-0.8478767152823836,1.0,-1.0,6.334292370330108
0.771354467966094,-0.4593805249133782,0.2634665285808899,1.51030406457563
-0.034523796451789934,0.4079489983485398,0.14542651529007244,-0.231236421923262
1.0,-1.0,-0.01207080307314401,-8.00456684342451
1.0,0.12889958544703628,0.5306568794540372,7.407078992006503
1.0,-0.05854098264608587,-0.08241244530772063,3.9026208207418653
-0.8052640567604119,-1.0,1.0,6.249324581813625
-0.13487899876235931,-1.0,0.13822687799522582,1.9592969344320394
-0.03358292720752809,-0.35312305898656304,-0.6369113674934961,0.8835507133999173
0.362113491797591,0.21005286503026355,-1.0,-2.1803341425166165
0.4140273584974312,-0.5621544741845232,0.755180031610637,0.919999540571695
1.0,0.4946487246985951,-0.049948546849765796,6.415862365809238
-0.8224530048595127,-0.33209757961756026,-0.18063268596140203,-0.05555373329363425
1.0,0.8460451308349155,1.0,26.669066424871417
-1.0,0.2973373684959548,0.7417534177149352,-3.974630119090464
-0.5433053870442033,-0.640795385056059,1.0,1.3146011640380013
-0.08179560588521118,-0.30016224485771215,-0.16036396660134766,0.8012654431000816
-1.0,0.0738055599044336,0.8268033290087962,-1.786023140587607
0.40008802031967283,0.36041665362189046,1.0,2.329262985636614
-0.3696036582098108,1.0,-0.8991605967364269,3.344647192170393
-0.7210381004664896,-0.8566291130469852,1.0,4.607678637873025
1.0,1.0,-1.0,38.670776654094524
-1.0,0.6465588233357822,0.5286211088289399,-3.3772688609611707
1.0,-0.2900113075688031,-0.5255655240575878,4.8638978415587815
0.1729560685211633,0.22020955049812208,0.30851374699987844,0.4500571112438339
-0.14274782102728323,-1.0,-0.52877755753142,-0.0398946751001381
0.4650829636503586,0.6392702843127194,0.1784569198342545,1.1471471992466777
-0.9006648415366185,0.18567892734228897,-0.17987994594003998,-2.89928872124993
0.598422417562543,-0.6468515360176945,-0.47876008368753054,0.7163006612097484
-0.6381858859941341,-0.5037795722378167,-1.0,-0.45152766345339196
-0.5094597262365665,-0.8490382182832499,1.0,-0.39905796141846706
0.5235378968264672,-0.2887322288017715,-0.02295912964063196,1.3615281465386793
1.0,-1.0,-1.0,-29.839006792533652
0.36676154967859764,-0.07520071799906303,1.0,-0.5373214575856635
0.3109581025781034,0.46502668283219206,-0.28691512510772976,1.4616179233902264
-0.6963225634821029,1.0,1.0,16.051694026338897
0.2296132811111169,-0.8940923365860629,-1.0,-13.515882979742486
0.8630314257237899,0.5694747128811242,0.0013908109632139176,3.2809436099000076
0.005059264721938739,-0.11203526676062525,-0.5120188392492484,0.7824412503311152
0.3148871309005141,-0.395162631244637,-0.6099230916415286,1.2689051924310473
1.0,-0.5455352067983121,0.038243967261025524,3.1601159591334897
-0.29600677421694144,0.1489432671695763,-0.8239270912380197,-0.06549043491598788
0.5010220283584619,0.3470807508900351,0.19559579172616393,0.4102152682731627
-1.0,0.2997292204325568,0.8142570478920514,-2.052348850811189
0.5760274704186437,-0.26713408599889465,0.4551253973674865,1.3636394891276524
-1.0,0.5765470203673364,-0.4871028775853652,1.6884181135306198
0.05619873737769243,-0.4060613044875392,-0.6866506674835582,0.6608316484229785
1.0,0.5542556606162026,-0.6703635508927965,6.79893159113529
0.31071773482980203,0.4073475295732851,1.0,1.8073640903365864
0.8764676060641909,-0.09612715043366271,0.06466982795276444,3.0601501081541134
-0.8087703413846992,-0.5884590910215217,1.0,6.363103014020105
-0.43592148437855105,-0.269267428602572,0.503513084979895,0.3452936080128992
1.0,0.49588002576235013,0.2637895351737811,7.749181238179727
0.4784796950299799,-1.0,-1.0,-22.19898110870092
-0.2997349171455914,0.353795701797877,-0.9154482203191834,-1.8773706995703472
0.6811087649871461,0.26038696206643075,-0.021731991500326897,1.8903312063349405
-1.0,0.13465631714072823,-0.2115242923447147,-3.418638383880402
1.0,-0.28041402572102125,-1.0,4.5785897107053755
0.4311285711416768,-0.8023763236275951,-1.0,-11.374310455440325
0.9972085370561363,-0.10306795492428078,-0.8072431201844599,7.182892988514347
0.8024858768426613,-0.7749350348106419,-0.06667125362248183,0.8514834062894838
-0.589981767865438,-1.0,0.8087121751539559,1.9721921372953342
1.0,-0.23061948022393985,0.7283714051698691,7.385023984375981
0.3837565803719145,-0.007081017011210111,0.9047409593077118,-0.824751523391743
0.8535232034418752,-0.16239887528593222,-1.0,-0.4065368306346544
-0.271954731930671,-0.739191658662465,-0.4364977295666539,1.4847139862741823
1.0,1.0,-0.3751991485410142,17.594834660764107
-0.24810459747991565,-0.4142949524945596,1.0,-0.8113117142517067
0.27405289279055456,0.7317770531454895,-1.0,-3.4775809957903125
1.0,0.31460376658580547,-0.2203012112889733,5.465404800467597
0.013567721785717302,0.8951856405960863,1.0,10.023106457660612
-0.8064473296868371,-1.0,-0.31385731536148076,5.9970182549838205
0.02603211148731832,-0.15897450886426268,0.6540135090395933,-0.14709294865886532
-0.1210664592280628,-0.20370493495764386,0.7897210805667942,0.6756504773223095
0.779586357652706,-0.5432338723913792,1.0,-1.640659896382566
-0.3536261071187272,0.8022238343364443,0.6860212303793136,2.7723014397722103
1.0,0.3845986840185385,1.0,20.259971830240353
-1.0,-0.2961855275183709,0.9294228735509977,3.4467694461420466
-1.0,-1.0,-1.0,2.822098004156047
-0.2832474263088227,-0.25758941878581876,0.6346371249935427,-0.7382649389485239
-1.0,0.2956355624881468,-1.0,15.219939001997094
0.4899113003361135,-0.11670182437797583,0.42975451075145066,0.8420698503074411
-1.0,0.7452288370016349,-0.4880264187157026,4.194271066971738
0.6694576852023084,0.5292121115410637,-0.7684897627839229,1.957301314504461
-0.7100485117067932,0.5449803047143174,-0.13560512298452276,-1.8583183461058717
-0.41316777776496205,-0.6527434170326578,-0.41624159510943515,1.0935639026529518
-0.40283666456921363,-1.0,-0.2772466391388799,3.0382316798639786
0.5402690887762611,1.0,0.43855496725703635,7.5201248413857975
1.0,-0.11408586751134742,-1.0,6.48883990969745
-0.31198257717313593,0.6562655554201617,0.5724651040193891,0.5025027652674351
0.1865343158714201,-0.33915967021296445,-0.360141142221299,0.3995080649288555
1.0,-0.4790937377666551,0.07531733151046449,3.756978362590631
-0.7988816439567454,0.21948307146921975,0.15883239015275818,-2.7179967920056023
-0.286417350820086,-0.3082787151069917,-1.0,-3.483198509970082
-1.0,0.24209426639154108,0.31843214702444267,-4.750814223823927
0.20407472142370908,-0.4834048200278911,0.37337938014777494,0.44966090290817046
-0.22144090406182326,0.4424305601911176,-0.05141886205068458,-0.19261652201987717
-0.7876112171216083,1.0,-0.08221936716293565,4.930731173671965
-0.9691927869239259,0.9090571633533346,0.47110406080041356,-0.05503872946789867
-0.220225413272078,1.0,0.7763531621079918,10.648716556919668
0.8083962493679122,1.0,1.0,14.88074867388525
1.0,0.6138477135191829,0.725646413780217,14.369026152153221
0.3022983577410563,-0.7162486471041936,0.9618834365083946,-2.874212959515985
0.5952433092665905,1.0,0.7893670908555055,8.615250964652528
0.9898279744271501,0.39920177621408137,-0.2087510245016846,4.971835927819637
0.03930677738362576,-0.933733789116471,-1.0,-13.993565629964426
-1.0,-1.0,0.4119895551063921,10.867182500583604
-0.42490145563838877,-1.0,0.2696909635348932,3.31628414142883
0.8985740987342838,1.0,-0.0803717592929245,11.036446262338384
-0.33118226181228705,-1.0,0.12571304173210063,2.9374916779370306
1.0,1.0,-0.0928698429868009,15.433242586018952
-0.26751350534427143,-0.6910655757342343,0.18075730595523987,2.447620477255971
0.0949273699413673,-0.27602067715077316,0.708300543325793,-0.1804243138083491
-1.0,-0.12611629372807887,1.0,4.308030301220724
-0.46053282036074883,0.0949128903692158,0.20566397561259375,-1.0473475343724354
-0.18893671726953687,0.84827360144065,1.0,9.206962751113169
-0.5259664465766307,-0.7599077420506368,0.4861529701531295,1.0962835319081035
0.5171317588768467,-0.0640114667273064,0.22964213635482178,1.1359304528711915
-0.3637067198563726,0.11040473248830396,-0.11933475064724508,-0.7046935797570172
-0.006153097485470882,-1.0,0.10989621871066113,1.7602667096463431
-0.33766252506193073,-1.0,0.7268974036266413,-0.2701052525956189
0.8629171325955833,0.009903332111508512,-1.0,2.3000501328413367
-0.2246079800433196,0.6535652512803125,0.013051796764667278,0.5118085495282437
0.5435668374449396,-1.0,-0.24500329183710212,-0.9339156513854223
-0.04525936520125673,0.08438857134311983,-0.09799848076961282,0.9697248335070865
-0.557304881516018,-0.7351986167690596,0.2741291559144039,2.150590019091416
-0.5789420088164707,0.4089043602111526,-0.6363013962892878,-1.295629898244609
-0.4971125763958997,0.45369670598486556,1.0,4.050670185045764
-0.5705236604451818,-0.30469054533229634,0.28462508341600956,-0.3522384870087478
0.7735097698588043,0.38758622064234816,-0.7572350669099592,2.3215156680455658
-0.33554112036510597,0.2548360468648596,0.1492828790458347,-0.650354010685921
1.0,0.44026192535527486,-1.0,12.417038827905104
0.05578571926651654,0.13721273861888306,0.7454060131641316,0.1263207588504082
-0.6071872485528906,-0.39603383509662504,-0.9389704185473853,-0.6037853058236126
0.5971367359406712,-1.0,0.005459886553408788,-1.410151420061331
-0.4195263748313527,0.4034176831931495,-1.0,-3.3325546004198894
-0.11684757278718383,-0.44727562446611513,-1.0,-5.152181838260067
-0.05653468183762689,-0.8344988135266838,1.0,-3.2700211809933193
-0.6729157025640102,-0.8361182691337576,0.8352246540760573,3.4247200257186097
0.04476270968785889,-0.8114132836527357,-1.0,-10.489413423331738
1.0,1.0,-1.0,38.98184625091398
1.0,-1.0,-1.0,-29.867760884525367
1.0,0.20884808345491113,0.8524690679431337,12.467071427519475
1.0,0.04834413031878104,1.0,12.769231385402616
-0.4893659311581928,0.2016105117097302,1.0,2.3555330244994694
-1.0,1.0,0.8276617973269811,4.31983717067497
-0.1191215035058284,0.3594745710602625,1.0,1.92735987978406
-0.05144939609333021,-0.8333338605132232,0.9756563595423338,-2.906256237835185
0.8903552592435009,1.0,0.08840224137434927,9.945244146795265
0.07341102014024714,0.7750887265645336,-1.0,-3.4310402727041387
-0.1649960007241913,-0.11455201492939948,1.0,0.4214182795921383
0.9606049481576864,0.7860558985342516,-0.7458413373432595,9.748401256115438
-0.17736961536681517,-0.4195770105782226,-0.6790001729607071,0.13286487449872436
0.7031663948919884,0.35100239415870704,-0.824127809833781,1.869305110472096
0.8224101095561998,0.4104950772511282,1.0,9.54868184146321
-1.0,-0.7685135360594593,-1.0,4.8498844286147165
0.10008439769767286,1.0,-0.008597629521271521,7.966776493511233
-0.33886604865673675,-0.8817954278934765,0.8212747081649552,0.3425587421118848
-0.7223167544412572,0.34279239367774994,-0.637985410932157,-0.53902825885776
0.06519695559005512,0.11802397147593036,0.03759270150305061,0.06799755509226235
0.15542205061412218,-1.0,-1.0,-18.39254406606701
-0.6378989891293785,-0.4254645895868847,-0.12911595502644868,0.29090063014698503
0.44679261884111265,-1.0,1.0,-7.747661014079803
-1.0,0.08939178534663839,0.9469968048141058,1.2484463133308015
0.21707877869683778,-0.11816596581464545,0.8417945580828754,-0.3710996996334702
0.20849100712450586,-0.7800717309565608,-1.0,-10.22678522872762
1.0,0.959894923283718,-0.308183298103087,15.412346952762892
0.21136412167129537,-0.6608462130205013,1.0,-3.8109883402410496
0.21814594352812144,-0.6454711344203301,0.9579223649984827,-2.373690075976806
0.3405902788990647,-0.2849327033682878,-1.0,-4.628661806234688
-0.4402595061701293,0.6806036876083783,0.3739077696302857,-0.9831308048741146
-0.05888362760254373,0.2726431314312725,0.20256566924759878,0.5340779560682853
-0.7425312696914323,-1.0,0.8598369245504687,4.928677556493503
0.5718617434577948,0.6898288577138989,1.0,6.267634436910491
-1.0,0.12796655724476658,0.01967223374797289,-4.126570458530626
-0.02271997940864412,0.1024984297978726,-0.10854598787460001,-0.08109295692230767
-0.0073162915240854165,-0.30982036334890917,-0.03698381259792738,1.0928384606311958
-0.37221153402284113,-0.6398995761521238,-0.5504505922440217,0.4216759607568147
-0.251922686014717,-0.07739456090040564,-1.0,-2.6395410458634965
-0.10397744163632971,1.0,0.8601501701880152,11.264354481850472
0.8001970587701133,-0.5602894656055022,-1.0,-6.0616284814279195
-1.0,1.0,0.0007907634580430756,7.928184708522329
0.02846132586150718,0.29721170667518404,0.479835222752667,0.5647441159480187
-0.30273290154282106,-0.0628429542899418,-0.45809285230529295,0.7184949475969549
-0.16253270470481995,1.0,0.22209861398243858,7.702801709706458
-0.5091516231910942,1.0,-0.13780815514402533,5.741884249742138
0.2158604440151879,-1.0,-0.6728865749051407,-4.560975013515911
-1.0,-0.448267044024101,1.0,7.150333867825849
0.1886085676868925,-0.8273968331260162,-1.0,-11.726394690210773
-0.10827122199810857,-0.13109554302018678,-0.44090817125971915,0.8756182426468374
-0.01216586175498846,-0.49180563208316563,1.0,-2.476978557631093
-0.4938412143046711,0.0918078614226443,0.5026657576366393,-0.6982906071040172
-0.9730927518796999,-0.2804694634838938,0.3350789530573235,-2.295450730019807
1.0,0.2587664451220786,0.1790803890596151,5.883046834190719
0.3208931988883348,0.8467567722262843,0.2563599442164388,2.3039369404683363
-0.7157414352916289,1.0,0.161483999466149,4.166782504205948
-0.7843615952502774,-0.4301677828765804,0.3133401173950421,0.4816889858980948
-1.0,-0.04750541894115168,-0.1538619215843251,-3.9164512071230635
-0.9786818100868682,0.8941743904157828,-0.5995963617453832,6.161841272745412
0.006517590792482819,0.32291534164369673,-0.02594661528305431,0.004435339093338209
0.16615154460757897,-0.376867282380827,0.8865875944588821,-1.1469045227960681
-0.026517685255355916,-0.20943424115534826,-1.0,-3.649746466056876
-1.0,0.8375544321274058,0.2811083422380052,0.23924368483635883
-1.0,-0.8153791823206245,0.7582765685847654,10.210707554109334
-0.012895359136977147,0.6185850878707071,0.5207245965023994,0.3173895452112012
-0.45254862835756193,0.20164745467788725,0.4140756262814147,-1.162020142644908
0.6363486446495756,-1.0,0.03636990224263292,-0.8885187388003596
-1.0,-1.0,-1.0,2.4554336744754703
-0.1344656443118355,-1.0,0.30496750992989075,2.602844736089772
-0.2214529831259422,-0.6688343580625262,-0.5083601000495592,0.7868476817944827
0.16370163266172177,-0.3389635420668222,-0.005500549432205792,1.5092062347756894
-0.43373454066789696,-0.560531500899458,0.7295175237244236,0.9610867845459208
-0.21276203049652542,-0.7362860341242277,0.7789154261514561,-0.5878050469214112
0.3690112726187462,-0.5983765369375613,1.0,-3.299922533271833
-0.06331022637685857,1.0,0.38244875928827593,7.288046844654349
0.41529929161670354,0.12639361962732254,-0.19743043038595154,1.5033939503394003
0.7154502052531817,-1.0,-0.550948036936906,-5.475930262800428
-0.38051256328672034,0.8154150229307566,0.7881570052416851,4.219860223018586
0.34183284304403494,1.0,-0.7786863258291628,11.484515404924343
0.5578504110922757,0.36842740657391193,-0.4371932608311495,0.9374343290925164
-0.2093783034469845,-1.0,-1.0,-15.403142871703997
0.15132689454563053,-0.43656443153955204,0.20830824442456453,1.015926224206999
1.0,-0.6670754295850845,1.0,2.1778514165554745
1.0,0.7032369090806274,0.2492700338215006,9.15456656220453
-0.7227157344460944,0.6629459708266001,0.09077823078938807,-3.129985331217795
-0.22166534043402208,1.0,-1.0,2.4896134565257144
1.0,-0.7816090344328406,0.047213489630858696,1.82811782400067
-0.2558667359460165,-0.44772911798560244,0.16670366885811183,0.8010152536380437
0.8187484159965364,-0.3370893258044809,0.8156372140967962,2.519034713375755
-0.4323321820254449,-0.6251706644352308,0.29575079487640155,0.8494351369294929
1.0,-0.07115380171578867,0.27575592069257304,5.140324403474828
-0.6708863419703244,-0.8182274866615915,0.5431510434026097,3.3967426770664035
-0.7831008576746008,0.8491282594617717,-0.12488961432372325,-0.11547932285005394
-0.9575928164473826,0.2015957155378416,0.11957952549321704,-3.8705601254975397
0.6817213841609167,-0.755532002869983,0.9586199073745068,-2.8905353158333633
-0.2308850270758671,0.13038277550142108,0.05690599993961021,0.568267760851069
-0.3596040325221539,-0.18806463741852864,0.20951488377557093,-0.3151186816554854
1.0,0.3011750720676254,-1.0,10.23881166187027
-0.05366770095077733,-1.0,-0.7025811518816132,-4.486081025159602
0.08520000286023977,1.0,0.37674685074568015,7.2499476483431415
-0.0627530627079047,0.11472074761953088,1.0,1.1931212952124832
0.2075582348868028,-0.3567450044340166,0.6826518081943469,1.318289915097811
-1.0,0.4764206685364236,0.1726548788730542,-3.9449951739214364
0.6330240714680784,0.6332549649161114,-1.0,-0.5803573416901628
0.6154813170486366,-0.9776353015364896,0.07513915977214536,-1.2317506139168057
-0.9686926680163461,-0.49750154214939113,-0.24256768465603518,-0.4101530669382233
-0.6781455708008792,0.8564009133237209,0.7466897591105139,2.676424808771713
0.3010316762164962,1.0,0.6139870327624286,8.217535383937475
0.3071805405541497,0.8999737696624523,-0.5647367099236631,5.88888061073548
-1.0,0.3217575101387229,-0.17206881926429451,-3.3777021253713286
-0.3532852176128074,-0.29698871837465934,0.10632032183281015,1.1637140189646615
0.7539988752625661,0.03665629414081595,-0.5512841168737501,2.677102447479488
-0.3079744064308605,-0.917637602267219,0.022944102668321475,2.429576557484312
0.7552157579800205,-0.9043676538253156,-0.64995006819816,-3.413114097801948
0.3372961717872829,1.0,-0.19370709502120298,8.509651646030344
-0.7067781015776278,-1.0,0.5212945156082209,6.101004035087659
0.04454955522315829,-0.11067714439933574,0.3583234139928271,0.3139577765192169
0.6188378529295178,-1.0,-0.41124306393284926,-3.3831374525896325
-0.2788257448148945,-0.3180636652942255,0.08196273746054739,0.5158991949424906
-1.0,-0.3860486079902634,-0.019346408869789222,-2.6313201375480477
0.6125429068435659,0.9000191084424629,-0.17656724461429452,4.4824562291165435
0.07559977424256092,-1.0,1.0,-6.644440450001731
-0.3466813183068187,-0.5207033203065026,-1.0,-4.805696531612047
-0.24735404056597377,0.07170338560650724,0.09035104238703529,-1.4849489632861994
0.12401538551052127,0.9757832439481897,1.0,10.971571441669496
-1.0,0.04432867905191906,-0.8186819618726682,4.028361532330174
0.929100580195243,-1.0,-1.0,-29.67449775348386
-0.041781336893061516,-0.06643082140891532,-1.0,-3.049741956576769
-0.15972376208043526,-0.14654777209091252,1.0,0.6292821244051936
-0.10462015542826975,1.0,-0.64530965854693,9.384138147560849
1.0,-0.9299635172989278,-1.0,-17.457043471526553
0.21968767157140712,-0.09059928959555053,-0.16581961316134008,1.0960605931411425
-0.49760351860116536,-0.17715243987915152,0.3618727044674557,-0.04717863212123666
0.577389277036958,-1.0,-0.5850654142769991,-5.714807370016527
-0.48514397774529017,-0.46469680250739787,0.6121302720352395,0.47668667990600144
-0.23524624717968168,0.5115639827685003,-0.9748877350097933,-3.327186670132352
1.0,0.11190829961144333,-0.3975383459346742,4.259394971270766
-1.0,0.12379214237262604,0.0154645988493185,-4.614500331486818
0.579020165990008,-0.7016382770692478,-0.4119860900004184,0.45708247139793856
-0.7402030004849611,0.6013344855823093,0.2678733596756606,-3.2686994314980753
-0.06644311769264899,0.43535584426179175,-1.0,-4.2489470597285495
1.0,-0.5622253535576527,-0.48013998549950077,4.808817488855072
-1.0,-0.24800070664340268,-0.912366749726284,4.648323039006694
-0.00839357532609264,0.925662206075172,-0.9929720515997924,0.497211112311451
0.1964804971758698,-0.6378198907230077,1.0,-3.777523170952727
0.9135676867119451,-0.575620213642412,1.0,1.249175990206457
-0.8874390373199985,0.5963139274114009,-0.33599871425106986,-2.304949957970125
0.30572540472303,0.5065462103270926,-0.22208631818135482,1.6892095457910759
-0.6084036907449537,-0.7267820280875319,-1.0,-2.827631484843461
0.5545509802508954,-0.12401129254301213,0.07510590486107982,1.0681847966176652
-0.09655852511777807,0.6444137242885393,0.5481342845317978,0.20089694329282204
0.3226149575173507,-0.6191905925985524,0.08955502440730911,1.0921850982987371
-1.0,0.0650735222002512,-0.3367653370974526,-3.149320091568776
-0.7516236574502153,0.06639063655913513,0.22514091330531927,-1.8301109087135585
-0.35506924566908427,-1.0,0.06994110156918887,3.8841198347413277
-0.4630994535707773,-1.0,0.047837692360455986,3.0545463019008436
-0.39528459902756574,0.17229645934644688,-0.2077055952106195,0.4095857222344922
-0.02812630903854707,-0.0022199555116078074,-1.0,-2.5468486872031497
0.8354776873740326,0.5154188009120793,-0.1532497596529978,2.02301146226164
-1.0,-0.49222245934240694,0.39397363959356824,-0.6993450920696604
-0.32868044926599893,-0.14246956458016768,1.0,0.5441876810421798
0.551747265879114,-0.29560507974477557,1.0,-2.827610395045203
-0.33526501726298163,-0.4309078604061731,-0.02987739195108352,0.38111171861865745
0.6924117547248383,0.6407869568097331,-0.2688896203746256,1.7259951176709167
0.4535937445176479,-0.015316655484215014,1.0,-0.7414154437259131
0.2182653490968347,0.35231005322224407,0.029579039392233497,1.048249533328457
0.597769597197459,-0.1247668167535565,0.9003180386637604,0.3392370849897007
-1.0,0.30987082682572775,0.22594392378136474,-3.925919229231679
-1.0,1.0,0.8562074042763579,5.724716245612298
1.0,1.0,-0.6832924993148366,25.17414073195963
0.42416194359584325,-0.9701377179524899,0.3578745764117732,0.28222448121473015
-0.11879461812168612,-0.609785974723285,-0.6951818921180208,0.6109987546308457
1.0,-0.2329064823066287,0.03500450798664523,5.000470309537767
-0.15136796922896023,-1.0,0.08449219289001264,2.979220991380703
-1.0,1.0,-0.03917598314721382,9.065013194556565
1.0,0.2588963204639516,0.31023521242039664,7.099383416203975
-0.010632134722449393,-0.3995006074761007,0.5958207156475062,0.5903671229541441
0.0005836499753135715,-0.5328207141189905,1.0,-1.7655218010458211
0.4723042859446567,-0.22298803542115375,-0.1693195476629723,1.4116400666814426
-0.658048107486086,-0.09435995094622185,-1.0,1.7082996522914642
0.7211331195261939,-1.0,0.6139396458255433,-1.5886289979286563
-0.8565785697498827,-0.7819055204176635,-0.9015034302688993,2.4627432630734467
1.0,0.6402836464953519,-0.21706412141908848,7.112466798220483
0.20883341436278458,-0.9154184382286614,1.0,-5.58818887523242
-1.0,0.23880788043819567,1.0,3.8043351745811504
-0.05222215531647678,0.016861226691240017,0.9272897150517891,0.704822885664856
1.0,-0.2614069264326666,1.0,8.361464139233105
-0.5338268641349919,-1.0,-0.20704250352421671,3.5403541788397104
1.0,0.5817950366853188,0.5489046068652417,10.660876317707201
-0.13592796876373847,0.6966834935491237,-0.4643741209359715,0.7291943014564104
0.5060161803991106,0.7843357926415648,-0.3952486222391891,2.984151139403045
0.42159147072162306,0.32071283307618303,-0.32973570222729,2.246094798749107
-1.0,-0.8875287076671736,-0.5677670622373934,3.1664315707909463
1.0,0.08175208747115836,0.7462444958104082,8.688321445619007
-1.0,-0.3269132969845805,0.32655218986913104,-2.5967134133788083
0.9957036947543436,1.0,-0.1985612955685061,16.049565234295272
-1.0,0.6512761908100924,0.08334578901396683,-2.4808419504104005
1.0,0.3935745078232984,-0.09104165034440648,6.269721486679923
0.3389502457370328,-0.4865013482534861,-0.68513636186214,0.9395233555385532
-0.07482999804693824,1.0,0.4974534658811631,8.044122637912672
0.4635741140918437,-0.07305120592619718,-1.0,-4.4565281051894585
-0.4816455031539739,-0.35882942771789916,0.1625531001487801,0.8526604097791621
-1.0,0.7370508471341874,-0.6141499287941841,5.464817920981375
-1.0,-1.0,-0.32266745387668405,6.044964313261208
0.8483370333260627,0.932364541893413,0.900515740136201,13.714076979832763
-0.09647991009453727,0.016631963636526637,-1.0,-3.0156969786017633
-0.31552438486603784,-1.0,0.04904037962200447,2.4614303310665773
0.7838307971990401,-0.6316127535364013,-1.0,-7.72297851473242
1.0,0.15119319134216558,-0.8380923852986462,7.85817548648711
-0.04112357986241699,0.7061731718320796,1.0,6.39204157407439
-0.061171414307922944,0.30879760352984476,-1.0,-2.3894915599000544
-0.8038521163957397,0.14674175786114474,-0.6024831176104906,0.04180409384467337
-1.0,-0.05053894119540647,0.3511681847349486,-4.390446043974824
1.0,-0.5144957702798436,0.2770853688976582,3.953025763826277
1.0,0.2862805234669681,-0.017716379883125688,4.614172263725535
-0.43566755760032105,-0.023628228700362186,0.19408623445155815,-1.0172004986560321
0.6738911343426177,-0.5654260217158844,1.0,-2.2334253266124424
0.13669752461705942,0.4348260803436952,0.02414587112782285,1.0170325556781097
-0.33021657363105805,0.9920379270899973,-1.0,0.5284681038415123
1.0,-0.009301637194545576,0.5858615288352274,6.961344680063217
-0.8651091900568086,-0.5604219837251756,-1.0,4.382200882552551
-1.0,1.0,-0.18709068959189157,10.746733395192672
-0.6410093766952933,0.03868858971794498,0.9179468270816897,0.5265686974398298
0.9833440300790135,-1.0,-0.004447537929928469,-8.16130432771327
-0.749805934189498,-0.9704280266731526,-0.6107421341936761,2.3810063044180994
-0.12420778013196698,-1.0,0.29010889818649166,2.0596568236670745
0.676804202275235,-0.21761838957704116,0.045025182942517894,1.9255962930728843
0.4965188934707969,0.6418629319677314,1.0,5.3368423540221865
-1.0,0.3306579600108557,0.2434361822300677,-5.584845706038695
0.03961389382902314,0.6590878460634666,0.47928026126936474,0.9104322720993966
-0.45942659125836016,-0.9906176703514902,0.8591324265783333,-0.6093079844371083
0.921630207778644,-0.08767924287999351,-1.0,2.7502957630800102
-0.6793482318344524,0.8533393962073033,-1.0,-1.6234284224756148
-0.9059901896734752,-1.0,-0.22630634961141127,5.979458711027969
-1.0,-1.0,-0.2324410259716101,6.363912018960857
-1.0,0.26291341825359615,0.4245135439154599,-4.371830505622767
1.0,-0.5127852071925294,0.6621415438000766,4.858314560112883
0.5528086085383026,-0.8301585682344936,0.279393211898193,0.33829222268178166
-0.3613502820607095,0.9818489913843738,-0.04368370003508959,6.0534342111892885
-0.25903937618145934,-0.9502720743511144,1.0,-4.126650419360865
1.0,1.0,-0.13284814251510824,15.580919332215938
-0.6308889073189892,0.09011543593870708,0.5299784128748246,-1.3720187336013248
0.2045975497623167,-1.0,-0.546065331049367,-1.1655267879751832
0.785804749405965,-0.3146358258560382,0.7474252501404437,1.1664134581399264
-1.0,0.5313923996100725,-1.0,18.47870947392746
0.8280306833713269,-0.4673547628063681,0.3888726453279254,2.0069493492576864
0.30079231362405645,-0.37192709172303773,0.0676264336868233,0.5993277312835859
0.311268950153871,1.0,-1.0,5.397802514218022
-0.29918636221015804,1.0,-1.0,1.1814941042947518
-0.2519988989237367,-0.0997067408905219,0.4217362325186198,0.5970677192948911
0.9857075456815179,0.3631671567313737,1.0,18.39864265598584
0.07746156077515565,0.8346878092334626,0.10505327502697459,2.4777478950337075
-0.21579906896595413,-0.7360699674919793,1.0,-1.5528003980069298
-0.7435900267545703,-0.8038211840608287,-1.0,-1.5244034901242856
-1.0,-0.009518708604486559,0.326699166398557,-4.752220957613817
0.7538991433080526,-0.6482548478496184,-0.5187735817511119,1.000962483514582
1.0,0.6929440038243988,0.858066912361251,18.793389755157992
-0.1301973591931329,0.5588252794711743,-0.2003775189354804,0.02078440523813317
0.3361214362203666,-0.8887822059988586,-1.0,-13.621048947310364
0.9826057625489806,0.3015730185418761,1.0,16.59032620308832
0.6168558152479575,0.7308160757898206,-1.0,-1.2820605918998325
0.4289586040589455,0.63497333971328,-0.24968395362792295,1.1841824935614949
1.0,0.29341013769984725,-0.7185336681937313,5.273000146061136
-1.0,0.20761517870183055,-0.7964523988274772,4.515946449912118
-1.0,0.7374291899429422,1.0,9.445704397593866
0.08699218012703036,-1.0,0.6980965292410828,-0.48148751522610034
-1.0,-1.0,0.3720639070236089,10.970462660075762
-1.0,-1.0,-1.0,2.3470136662231704
0.9030540472584188,0.5073515857230317,-0.5704074597607456,2.6613579693050387
-0.07971584779003349,-0.8649709501957381,0.41486021105796156,1.2527534707651369
-0.22154126051468803,-0.8096979899218462,1.0,-1.733129137307051
-0.27213064911570073,0.10595774895048526,-1.0,-2.284850608850972
0.5602267219757942,0.4928183378581288,0.12040795382207237,1.2396739185044614
0.13529095830025506,-0.46949635966656356,0.9629568065195311,-1.5344939540830862
0.3349323873654557,0.018323578332450463,-1.0,-3.174742849230625
-0.12135572229718239,0.38711261233472016,-0.4758281230675807,0.3046577877630265
0.21268114468676025,-1.0,-1.0,-18.62286835100321
0.1778222915798653,-0.6388224869688006,-1.0,-8.410278989036245
1.0,0.4433500498014724,0.019658121099626058,7.1953697614631436
-0.8460375542683944,-0.6940005602170787,0.32902642578026553,2.2813698337849297
0.09811367341323174,-0.12314203351417019,0.06996584313634524,0.9815119372567644
-0.1143620967339336,0.4470938284857049,0.14406536777031187,-0.9860153665141318
0.6773833560470879,-1.0,-0.3248640242612444,-2.914893721779205
0.7611775710811566,-0.5441208084516198,-0.6197429218202197,0.8451834514999307
0.8452984475678649,0.02241097949053139,0.41086893301687843,3.5959235180403564
0.2173574166380614,1.0,-0.19332298534338044,9.434059726150732
-0.28845663871929905,0.5162046422182021,-0.06863049645432007,-0.3337313230040297
1.0,0.2207924419935272,0.7899985936331626,10.417645615380376
-0.06304002608982184,-0.9221843512370018,0.2712724316832893,2.043792233115107
0.7569957402874565,1.0,-0.5648846219191903,14.053278592140243
0.19989273041303068,0.08915858861715331,0.07182500616895893,1.3728643412292911
-0.3238708576707323,-0.4475381381970178,-0.7355125007398362,0.08720374168552972
-0.24837831025481316,-0.34284214543015556,-0.9283030205909484,-1.7707612839326115
1.0,1.0,-0.2576768349212559,17.187286104167324
1.0,-0.5928243172579333,1.0,3.2351330890760943
-1.0,0.797425013662298,0.22900868324386314,-0.5589855072531151
-0.9934728422713996,-0.5738505736793345,-0.4315713677770725,-0.1856281401345507
-0.6147419393463098,0.5559669299739836,1.0,4.675830543390689
0.7911826298604394,-0.20089535870088815,-0.8869991240659341,1.8060597021599334
-0.26545809530656106,-0.9021347666976178,0.8607660583960599,-1.4549459239474862
0.6430427628372568,0.03041071758123981,-0.29735999261922097,1.5830239198075633
-0.3820319194838053,-0.9649877425289775,-0.6083402586988709,-0.6538337506476398
-1.0,-1.0,-0.34053955388364243,5.6009391981862295
-0.3718503464547318,0.319810277568074,0.45337877102806656,-0.35401748330735355
0.3922527185979676,-1.0,0.5904689421722364,-1.3264361620893683
-1.0,0.6333667176925759,1.0,8.17614730056777
-1.0,-1.0,1.0,21.686912665179687
-0.42777353319216993,1.0,-0.373462956596851,6.593221848720713
0.8987173422804529,-0.34364375703285366,0.304241474884676,3.1962982011782994
-0.4150095066683741,0.6586602239311623,1.0,5.685111879213216
-0.7496162806291351,-0.955808118981704,-0.047335669691365156,5.571123119685602
0.023138539311212458,0.03050205085590152,0.7565713203112903,0.3738247182802357
1.0,0.14979878806828784,-0.47586466675900185,5.094917358423331
-0.8462561026319915,-0.14265382174426922,0.40995293948611966,-2.2366386574377075
-0.031081316685640736,0.9740728403203747,0.4523400001613793,6.505210050387572
0.597610188273128,-0.07031116211589317,0.5629996717056265,1.0774355127890085
-1.0,1.0,0.4389938307328405,2.696644743596733
-0.5212861325782006,0.3585868017680096,-0.15831994041648123,-1.5996821285235754
-0.5254674098516241,1.0,0.22062826428047622,5.4188188034750455
-0.23691469608465576,1.0,0.9942201003999789,13.99722057319916
-0.5139398061177591,0.4673585851529183,1.0,4.242267706003851
-0.32440714199607035,0.2005983770180373,-1.0,-2.9661392661610226
-0.46327120807975275,-1.0,-0.15667560289418003,3.7441429952543137
0.11616358151297379,0.8105260737156481,1.0,6.667064487893225
-0.36256806725816726,0.5719526658344327,0.20973383311853322,-1.086394473335718
-1.0,-0.6442914527286645,0.3813280181363774,2.242166197588875
-0.34811798071057587,-0.7676921339788443,-0.2992259162946418,1.6185120711694794
-0.6533710167931264,0.02815238508208373,0.549972531581336,-1.2225241460159681
0.7519626038573868,0.8187025937579939,-1.0,3.2959869705205658
0.26657095993121827,-1.0,0.7995270474691201,-1.9598950045398666
-1.0,0.002113499946443831,-0.9165800254983989,6.666020136546855
1.0,0.05374936539564623,0.495637968219637,6.556220990919024
-1.0,1.0,1.0,16.94791116193628
-0.9842109990841608,0.4968809199003337,0.4175438652012151,-4.204209916281264
-0.9903427733262506,0.07185788457776154,0.2771879636063439,-5.379813448640912
-0.9658258106188833,0.2450322609594915,0.07641717182700059,-4.2795276579657004
-1.0,-0.060976004540603146,-0.15642097210957617,-3.8686727883416245
-0.6711649428049509,-1.0,0.25008198967784434,4.763857377122542
-0.7962623798259001,-0.01651031696004246,0.10861306084617484,-1.3213935809279098
-0.8277085162277256,-0.993483693940123,0.1478623277961244,6.836838206209587
0.7309961535436464,-0.14383828697348733,-0.9854564331135995,-1.2359767789311755
0.5139520187131308,0.3949637889215878,-0.109034447099708,1.3912338435575347
-1.0,-0.6691769565900711,-1.0,3.667944863856608
0.6177594362702341,0.9750880707056178,-1.0,7.49367692115252
0.9318004714713299,0.012059505314623964,0.7892251699220272,7.16904293013219
-0.015715383079891065,-0.26130121832327236,-1.0,-4.016247068734579
-1.0,0.01805157037019245,-0.48474410629497755,-1.762191661173996
-0.8519629164465126,-1.0,0.07240930091344011,6.523628737957196
-0.5949398489091677,-0.4627464385475806,-0.16043271806328652,0.5992937161730981
-1.0,-0.9507847116444434,0.9937006390678882,20.341361129989018
-0.18479863344940295,0.21301898090695803,-0.44770005658030954,-0.1849325437550027
-0.23694200026364487,0.6780585124140068,-1.0,-4.706693728959052
0.0794389323801028,1.0,0.6842261221129637,8.876701525090542
0.1637668633207494,-0.0601096935369374,-0.628218248607523,0.5547897965851618
1.0,-0.4433479522435777,0.7514437961908766,5.3686285029559135
0.19275814801010105,-1.0,-0.10557711938694303,1.6313516811435307
0.368468818611686,-0.3224102176335826,-1.0,-4.298514683272074
-0.936124916735011,-0.20624433705073564,-0.5710756765487623,-0.13185093648474347
-0.07762999014525196,-0.5673279182899187,-0.6165655587454069,0.27194566923339747
-0.5304773425454616,-0.6723858576974451,-1.0,-3.9667756746295693
0.20094778252201428,-0.43462579241193233,1.0,-1.8396930876323618
-0.8922424365615276,-0.22132414039599047,1.0,4.401740631586422
-0.6624412781551443,-0.6024747715622685,-0.6433428468512974,1.5371165826786055
-0.25355612187385623,0.13491930574994426,0.38668931771424475,-0.0841226693752159
-0.9428964607488735,-0.9604832780327957,1.0,15.219161616424435
0.12150967105869359,0.5642366111625357,1.0,3.9060223584873017
-0.1422939312974747,1.0,1.0,13.90091983097488
0.5028342893461495,-0.37338071444054477,-0.2519103910460907,0.9335023838809606
-0.2722889686888281,-1.0,-0.002013228310720816,3.1758934770429215
-1.0,1.0,0.8090483322658886,3.4926754175214105
-0.22413070025057347,0.6020511074141284,-0.09406053513597756,0.3586207124269334
0.21712223554457832,-1.0,0.4349489158616353,0.7294181161630122
-0.1181400618362114,0.22549005735670513,1.0,1.5469637581489746
-0.5340600235327695,0.7326507142839136,0.4634757196283035,-0.6766012659599279
0.701205706623167,1.0,-1.0,10.940218751491756
1.0,-0.1518769286402608,0.9571063301511586,8.515995520603731
0.023451513654420664,0.12145834201930672,-0.2320724109032708,0.5509168059859209
0.5872121371464019,-0.0012807635051574895,1.0,-0.727117410772965
0.425562757140475,-0.33614999205626406,-0.15133339854318129,1.390382445966196
1.0,-0.25699803125845677,0.929008939453311,7.823460765837205
1.0,-0.0437727171575617,-1.0,7.617231041939834
0.29293463721160706,-1.0,-0.4692175097241138,-0.8511710490509993
0.22920214621370127,1.0,-0.18864992522765434,9.177122364748612
0.25277522628460236,0.3471734510630986,-0.48029200467450983,1.042904496989431
-1.0,-1.0,0.29101594833875866,10.132976328832088
0.5672047363874448,1.0,-0.10452899097124346,8.688305995920375
0.661832248427831,0.5901365801245047,0.3245993174997299,2.4547882164985126
-0.8991123730829131,1.0,0.3476737179328855,2.7122041373735275
0.03433735821974926,0.5064210389503123,-1.0,-3.7204859616546706
1.0,0.3901650389441109,1.0,20.44334053843063
-1.0,-1.0,0.9312636591932599,20.41621892673957
0.6555650245359235,-0.38844241499494037,-0.42618763021273676,1.5233033343195346
0.28172899585297695,0.9606465494779342,-0.6684858312736519,8.704641649985694
1.0,0.5948952037699797,-0.09413197976596832,6.413817200069869
1.0,0.09675716731601502,-1.0,9.360466655097978
0.9073724945808441,0.40722479038901715,0.5317362380671675,5.327832704286147
-0.07939150205888734,0.770180031933591,-0.8811702298083806,-1.2004208161673988
-0.6610125755876977,0.6031759328405504,0.5136395637552587,-1.4553889779962552
-0.11384996368460687,-1.0,0.733530000364981,-0.9657769475009331
-0.2113474582065058,0.08785511589529649,-0.45943801959986574,0.03794747706377205
-1.0,-0.23114433132545398,-1.0,8.588006335792258
0.9891440350488483,-0.7566266570519347,0.11849609324605881,1.035577183389395
0.5448141652281893,0.0572108083323184,0.07774873228407175,1.2402806082625277
-0.0771387424536063,1.0,-0.7259099876602855,8.742841365441409
-0.8965834441763301,0.3256797804343283,-0.3660558191832677,-2.5168620804873827
0.7614438742543008,1.0,-1.0,14.464135983942766
-0.7474039027966479,1.0,-0.34352880612825065,4.794914105932944
-0.12015996801233797,1.0,0.02807059380648358,7.702129469254298
-1.0,0.727083585137156,0.5219852569400341,-2.8209163434554334
0.5169838591564944,0.14530906177447256,0.007291375872187977,1.206767089668535
1.0,-0.8805967556099972,-0.25035657826551994,-1.8650114830830795
-0.47497553223376987,-0.40336517324091137,-0.6113502766184049,0.2281051518247192
0.4553837107928089,-0.7246881946224846,0.3771473451677154,0.6720189772881506
-1.0,-0.34505388663612613,-0.910588285370509,3.942033035450272
-0.7957256164571014,-0.5589354538799791,-1.0,1.663129466662578
0.12642279219017927,0.5366535071274992,-0.9116202755374818,-1.1600718842928304
0.6664124313030653,-1.0,1.0,-7.4334328502554134
1.0,0.7275027772201215,1.0,26.07840100444095
0.3370635784867251,0.06668263832226806,-0.08105115700090604,0.3888476806073954
-0.47252849708931466,-1.0,-0.13035395615386136,4.263645209029699
0.925495988472236,-0.3381532844950803,0.6112366159267755,4.12399902697264
0.4276579684601731,-0.7316307634008437,0.3062224584392188,0.7602647207104362
-0.2801209481896796,0.7450238593183536,0.7299466684932396,2.310960872531095
1.0,1.0,-1.0,39.431873874440335
0.42436802294617215,-0.05077568657143905,-0.7222986362350252,1.3899675001104304
1.0,-0.7491761139747637,-1.0,-5.522965320218173
-0.2917752677509866,-0.8769234372893544,0.26435268238812437,2.5246728926089546
-0.25678000287363734,0.39396767838615654,-0.03635176378336458,-0.7127358923986116
0.011929717967273046,1.0,1.0,12.653215806269015
1.0,0.29420360714155724,-0.4729958504528924,4.5047308875533565
-0.3447719681224437,0.02739863429213729,0.054432436560869935,0.10776985064358618
-0.6550426678727879,-0.9859698404487238,-0.7267645728553505,-0.8168051319881542
0.5075436244556863,0.16396207292744935,1.0,1.426513763248201
0.8217296679973094,1.0,0.2411121110505452,8.808856562760395
-0.15356934200888772,1.0,0.6106782215921973,7.513342129419964
-0.8129338366123791,0.6787708997386537,0.5193090568765188,-2.711769513749702
0.42640271322573664,-0.21665997347545307,-0.10327631991214936,2.095964774464341
0.5106829432808417,-0.038175880880260804,-0.7621998877869014,1.4520860828080908
1.0,1.0,0.7235590609065243,15.817461166499449
-0.3011634678474049,-0.22980016058315567,-1.0,-2.119810881491234
-0.035498447268407896,1.0,0.088915961923554,6.952935421714244
-0.6457745371101693,-0.20875201594028914,-0.3266646186729525,0.35084353977771426
-1.0,-1.0,1.0,21.85106881243234
1.0,-0.8603533324566657,-0.5786239216170717,-1.372609640175801
-0.3949772504959861,0.12155606115841966,0.24423901764108558,-0.16023706070360383
-1.0,-1.0,-0.010909505074318204,7.643538667411553
1.0,0.467378029811482,1.0,21.661081630809107
0.5220289509797851,0.3707362022200793,-0.1964413991095153,0.9935793526908475
-1.0,1.0,0.3406180040802729,3.088274663538052
0.2652138520159768,-0.6962311683863096,0.09272476804648888,0.47527778493672224
-1.0,1.0,0.6532942874502348,0.9505231489668255
1.0,-0.7573795935574417,-1.0,-5.080321170086324
-1.0,-1.0,0.17129249624835663,8.273533680125123
1.0,-0.4454268610165686,-0.7287584787099408,5.887077822105674
-0.23836960670668517,-1.0,1.0,-5.221701851720151
1.0,-0.11451945551447262,-0.03147431394265254,5.1367783046392885
0.27680921034062855,-0.39827951226781555,0.5421180369147418,1.3384482396923256
1.0,0.16652959136879963,0.8344541056756323,11.166763692402375
-1.0,0.32819513376112086,-0.6501694286170416,2.3278245812194864
1.0,-0.5369307116596314,0.6257404066980428,4.802244474086266
-0.03693253081225789,-0.32183523458919705,0.7419407697171465,-0.21721150612598472
-0.6438319704755933,-0.5774972625687576,0.6382060175087392,1.5865234940598565
-0.655960289733301,1.0,-0.2944558687227756,4.540873355471167
-0.08444214769944858,-0.9403297699566178,-0.7069178930523212,-2.611172892458381
1.0,-1.0,0.9050009926215188,-7.069723427457381
1.0,0.040281752916259794,0.9060470432100505,10.667721814179776
-0.4087703072094242,0.028526917002352103,-0.9941863814077432,-1.284958682870482
-0.6705104579032142,-1.0,-1.0,-8.244365888271231
-0.6086508840519771,-0.6146313411128048,-0.4320528871423899,1.7861652745358279
0.6772386712578133,0.5004116701731507,-0.9524833569871425,-0.29822181116464913
1.0,1.0,1.0,25.926321677626483
-0.8993848523172057,0.6261835868407077,0.9132606833310579,2.350949117431354
0.6488060796595505,-0.6550634587201176,0.0676037441704671,1.3001734721796638
-1.0,0.6373235627419505,-0.24129576586126178,0.31029993023782343
0.35454733060606847,-0.9131155414698648,1.0,-5.940492386327113
-0.006979966975550589,1.0,-0.2111787086233723,8.657621568788091
1.0,1.0,1.0,26.155348481985467
-1.0,-1.0,0.6707046806983201,14.91120373427198
0.0374991913962619,-1.0,0.6983233659968164,-0.15014294035001874
-0.8135493706970873,0.8534855362468905,0.6432790721774446,-1.3345983818877252
0.5085005625267889,0.7856416041586853,0.6229962069175192,2.930898822967324
1.0,0.6057447756034449,-0.9250258036008283,11.821429430646505
1.0,0.6192470231741807,-0.918879835050435,11.554139375812444
1.0,0.6216557673115373,-0.4043264239652242,6.143523809564706
-0.18727329891078504,0.9501367489409001,-0.2774855354404526,5.6588732466913445
0.061100524658088684,-0.32401753522999344,0.36013860884720716,0.9865824829013667
-0.5396931611490281,-0.5498661299748973,-0.03565338757876768,1.6967717575484365
-0.108649008506849,1.0,1.0,13.759320429719073
-0.23618918890932528,0.5029370924968135,-0.21959313175649253,0.04579142512491868
0.14030151864337603,1.0,1.0,11.842081087320452
1.0,-1.0,-0.677793424659898,-13.600799152057935
-0.6064870340260713,1.0,-0.11021069878788903,4.599099445660728
-0.06155534789018269,-0.6609790595370661,0.0641270971260286,0.6933926571044998
-0.2579600676466458,-0.3057909569099977,-0.21380699630053157,0.5561820946457411
0.34167473962531814,1.0,1.0,10.041604183004011
-0.028646019737954997,0.6000250702932273,-0.4349435718088923,0.670489706390093
-0.05510133798923622,0.4410206651324855,1.0,3.1705099908949306
0.819011970295207,-0.2117033112602138,0.7574196116467946,3.0611301671468976
-0.5901647541229533,-0.47523398669139216,-0.6189640239504308,0.30631109928010236
0.6359224557667502,0.07657062735069564,0.6764858646124481,1.6560402700836556
-1.0,0.5456253848316193,-0.19861069458362457,-1.747067252228084
-1.0,0.4320428187145253,0.1779006995217487,-4.32969898470065
0.915006735197168,0.03458130525879288,1.0,7.965268557739086
-1.0,-1.0,-0.31618216317235115,6.573045117643462
-0.9963404350689291,-1.0,-0.4932734172287476,5.915763611995837
0.8876186845361163,-0.2827428261628768,-0.8109756536352377,2.6028222450824816
-0.6252446776733067,0.7936050813967059,-0.46110890220495815,-1.234090128243512
-0.4592421782101255,0.4289631748385372,0.3685432132804216,-2.0036199863374207
-0.7046324479731765,-1.0,-1.0,-7.080932448723561
-0.6411426321783409,0.26806247791328297,-1.0,0.422217462804088
-1.0,-0.04130880075346699,-0.16667115606777716,-3.831765194226019
0.9404329735494381,-0.5705756437425538,-0.6131880822530527,3.1789880924334124
-0.9701626159857697,-0.4158091909737842,0.4600618470044009,0.05078220410257728
-0.47302444711195113,-0.644216138001646,-0.18687811096130247,2.1482035791089626
1.0,1.0,-0.6562614869056964,23.18792766907888
1.0,0.8637227687606053,0.5247540145138254,13.350009832433786
-0.9473825796788469,-0.6103183301350619,0.5859130250712952,2.4658254761504517
0.4561324161647211,-0.12092358683120352,-0.5893937479555973,1.430548283031649
0.06784437833818413,0.4483236773043773,-0.7919313903912995,0.3200276799074537
-0.7962066478641177,0.9041757858571975,1.0,12.534811273601042
-0.2993691362646438,-1.0,-0.6568490234869055,-2.1278464055931576
-0.3387710271807769,0.5958219511171272,-0.7184647339239314,-1.4326946058844863
-0.6692653130332673,0.8270388903184231,0.68162393808409,1.0513113261459568
-0.11204670005076478,-0.7431257744474979,-0.6424111572700515,-0.030322969784069065
0.7802473332175608,0.21295765226315622,0.28518327260050236,3.351735435394163
1.0,0.3942466529812947,1.0,20.362839020002937
0.19429995763372787,0.4558199040074016,-1.0,-3.5313056927996085
-0.1653144205413124,1.0,-0.4373532707611243,8.839343479595103
-0.9155871797641861,0.22458651904627436,0.16422200394036168,-3.870170485764599
0.7784145759417083,-0.2284814980030574,-0.36959757278134453,1.020468147044884
-1.0,1.0,-0.46265029852973316,12.404355981727408
-0.0010967395874950103,-0.6787469297247761,-1.0,-7.268111600149425
-0.3468108257571565,-1.0,-0.6987675130918858,-2.247360760411294
-0.6749070205519982,-0.16816456196209018,-0.21664203483518119,-0.08720338097533409
0.013888250079715947,-0.11026285901428223,-0.7442581110528179,-0.07063349504611033
-0.8734882935104236,1.0,-0.49115045035959093,5.824860006131674
-0.10985263496704945,-1.0,-0.6750174834032618,-2.7217548516508328
-0.1920203136489591,-0.876079054274109,-0.242281534338338,2.169807112513507
1.0,0.5165598014150308,0.27369736840192926,7.8743889329905885
-1.0,0.644051722875707,0.3102313064835358,-3.808065445168459
0.46628139834492766,-0.7312597923258084,-1.0,-9.581982673109987
1.0,-0.3091300168450597,-1.0,4.900692586369461
-0.8408079644446347,1.0,0.05875938842381534,4.826708282981035
1.0,0.752034036970157,-0.302277929222051,6.791455284871818
0.9462482489512396,-1.0,1.0,-8.976273055764219
-0.8620015921403104,0.2316303590036095,0.6880212482360726,-2.2779395567477794
0.785660206864139,0.4877206754576473,-1.0,0.6094781753566472
-0.8896673890086595,-0.16619628353078397,0.8768958515546184,1.9242351005448082
0.2822005879664933,0.5843033782610965,0.4966222266891318,0.6679147130007972
-0.3537225712848724,-0.8684146648475768,-0.2065946569568493,2.780346433311704
-1.0,-0.4626610117862484,1.0,9.074992475540409
0.11380436260186055,-0.42532371985786654,1.0,-2.3751396761141104
-0.7447549585578135,0.2503888813166273,0.2590492086599494,-3.1393426683983634
0.47406265626789,-1.0,0.12357288840685299,0.03510606675573691
-1.0,0.5272697956284784,-1.0,18.662201980855198
-0.2591506816141622,0.05652223001550549,1.0,1.2313028519679907
0.4367585941356984,-0.9932645429630116,0.24638757723901383,0.6479612431791975
-1.0,0.45231187550258634,-0.9507967773353134,13.64593228054718
-1.0,0.7392355768697707,-0.21865430944422748,1.3598195299178568
0.081565752003812,0.7681485501586096,-0.35986099512409164,1.373933160745746
-0.3526620884659244,0.3667604142506009,-1.0,-2.242049674647286
-0.707270155849224,1.0,-0.22132892414248162,4.8041961561175555
-0.9117044669332031,0.013356213309342335,-0.4888824425685063,-1.4387161433315006
0.091776915171502,0.28270490473028875,0.5735461934425758,0.6590808092316436
0.06473138284269697,-0.4094622084752966,0.4788898896425613,0.35815367289347577
0.7168741563117909,-1.0,-0.8691510558372326,-15.9298754688131
-0.5033832393309485,0.2516293975691042,-0.021897465122121984,-1.4310231150660286
-0.32010374348253157,-0.17957113049370266,0.1556983771983358,0.006232853901981555
-1.0,-0.14106483237715794,-0.11047937093253579,-4.443950524076943
-1.0,-0.25257267752101464,-0.04109072222513932,-3.4309162875018453
0.6392730706418575,-1.0,-0.19692957109265574,-2.1090461027256215
1.0,0.27243707777551784,-1.0,10.830886706155953
1.0,-1.0,1.0,-9.494328420460551
1.0,0.09167932860606287,0.2494112339589143,5.6736931259013845
0.7659748528481463,-1.0,0.43125846672547574,-2.211057945155974
0.9605460983939773,0.546747905263079,1.0,19.837846421423595
-1.0,-0.9874986878012901,-1.0,3.5058475795712267
0.33663298655755125,-0.5889456379991047,1.0,-3.2894549385567338
-1.0,-0.9463288802556633,-0.18977002878384375,5.971219639014583
0.8568629260555685,0.6566127378607667,-0.8148895833170793,4.370355569287579
-0.7638687751391489,-0.3025498317867741,-1.0,2.353738233835944
0.4837033748103683,-0.5049515273668617,-0.467657885497182,0.5771270479606745
0.8553449969082452,-0.5567017798426783,-1.0,-4.469978580465113
-0.02354385753350785,0.7774411660085521,0.2650083300622288,1.7470947585921246
0.17947858372836167,-0.6085038884533387,0.07710536034687943,2.9822151217730273
-0.4748513530777312,-0.37846540547693475,-0.3118689481271557,0.7669155397735842
-0.6915450171003226,-1.0,-0.9402574040612861,-5.855274268599887
1.0,-0.7960962250937638,0.016139920718975187,1.2757739092956994
0.5593571923571734,1.0,0.10428253136852894,8.135025641661162
-0.6069040460726034,-0.2192430708190991,0.5364738435373317,-0.47059976109089685
-0.7319097645549526,-0.24289973312098723,0.9264133634140752,2.0118435618108377
-0.01341201310200657,-0.9068995942471099,0.17030890378126173,1.9423690870100019
-0.24936717934560093,1.0,-0.10968987638240457,6.491402727986561
-0.8269103108051021,-0.2098476906959641,0.2478026579453454,-2.1248736537936486
0.7392457015663427,-0.2747082841160191,0.4661083022155097,1.1842066998658876
1.0,-1.0,0.6023188710815723,-6.026437264292073
-0.8121799469025257,0.3995161064392063,0.46834489274667845,-3.1602411435545315
-0.5510591453526945,-0.2617832102347586,-1.0,-0.6384127324575809
-0.4733617547829039,-0.23594825590942348,0.7988702978822948,0.07294593124511281
-0.7920594506569016,0.9423667921805388,-0.48376864536995146,2.1059587267365467
-0.13310702316506262,0.9557312395433493,-0.08960016368279033,5.992668421852248
-0.2249331277078921,-0.0831305633909285,0.35864406882693967,-0.26129101727905535
0.4888305351383153,1.0,-0.3454155588720871,11.220450726532682
-0.12470315584915959,0.9491428260117369,-0.3424782611726236,6.38706810428806
0.8659124105791307,-0.7118054412503774,-0.012599102753072744,1.1866961871245523
-1.0,-0.32275434991639296,-0.04734079726940199,-2.6182080082443018
-0.7537455861337654,1.0,0.641016566932123,4.010543328098907
-0.04191358113554733,-0.8841922386477796,-0.07016697933515514,2.6236854328041024
-0.8887827011273006,0.04414746150525928,1.0,2.8102044781649838
-0.5541994823175318,-0.7884016748963221,-0.9264561363748545,-3.236210065496889
0.030055617735695872,-0.4634777189788686,-1.0,-6.024162262471586
0.6130401727369215,0.12192245726341078,0.8926137339053823,1.6644209219543584
-0.6196275824664463,1.0,0.10811895043200659,4.202503699121958
-1.0,-0.919976866597289,-0.6581721299233394,3.6419423627827925
0.10237610932377583,1.0,0.45620290098593363,7.687143829924232
-1.0,0.0078608049399842,-0.08894263628041177,-4.194782920901759
-1.0,0.10783706503357826,1.0,2.9201362242586053
-0.24217501131048258,-0.42653544234703267,-0.4720787216895441,-0.16825462459542673
0.48023680115916734,-0.251151154182804,1.0,-2.2592696726033195
0.651787859502506,-1.0,0.03737010898658921,-1.55746803037859
0.8338012248779836,0.10762853928573679,0.8703533586417214,5.161885970660619
1.0,-0.30880627917958403,-0.02447819239416349,4.075547627550874
0.46949065287594016,1.0,-0.0049738817642750455,7.618387956435465
-1.0,-1.0,-0.9207417047738808,2.1456215977060835
-1.0,-1.0,-0.333406666489497,6.331972686006726
-0.5031194370649317,-0.2614991484571685,-0.8499286856006467,-0.16204226064606198
0.22821064307028793,-0.5205483985418042,-1.0,-6.238729161279523
0.7123525831313908,0.20001612668893287,0.8794465436866186,2.8707848543096497
1.0,0.7993469791705876,-0.1341879722269923,8.875319222128475
-0.07128092184805213,0.7185597636124628,-0.7179621961239129,0.7450516489834536
-0.6410906711918456,-0.6527105802546214,0.4652205778733076,2.809282094344028
-0.38937450847890154,-0.8269323102021366,-0.9989446082086504,-8.617806989026105
-0.47461904189228066,-1.0,0.4247310882341182,3.1107982569128785
-0.37238584416349707,-0.8956033836143169,0.628943436787855,1.5475816777868068
-0.28016004637196756,-0.9600007198913425,-0.409499737257063,1.6238457600414782
0.6104007792281225,1.0,-1.0,9.528215928950365
-0.127837351006012,-1.0,-0.23010464748807036,2.752000879833076
-0.2608583652136649,-0.17530583377938824,-1.0,-3.0004489341903913
-1.0,0.5687903023867491,-0.34326375699429756,-0.5113502721225066
-0.03576084831216786,-0.5767192479394241,1.0,-1.6107184199940432
0.6751171283408961,0.26904897933925853,0.5412906960638693,2.1369068087906085
1.0,0.21880885064943456,0.08193796893214156,5.17703911393669
-0.05289857539629694,-1.0,-1.0,-16.378469708878207
-0.5885647976898978,-0.03109438296381395,-0.6246381994221977,0.024391522789913772
-0.6484130593255821,0.9841896479135879,0.8771103265748725,9.254080754343738
0.5817667032294214,0.6494348001286929,0.3178416253786496,2.0901300666969984
-0.6065399319869857,0.6742370627451744,-1.0,-3.0757968471342987
-0.38881148238379737,-0.18545207479710646,-0.004525770952070074,-0.3511220109846044
0.22987808954817845,-0.9736259857651317,-0.8870059549786502,-9.832472240297536
0.7681318458012405,0.05020256041170801,0.92994635349541,3.111320223727781
1.0,0.2203147225701012,-0.8025248715681403,6.981777609904372
0.1803018302298196,0.037063735381165586,-0.810289771354179,0.7690696607855613
-0.2663271969548249,0.22570568871110086,0.6902338772423064,-0.30405536571467584
-1.0,-0.1775372207581034,-1.0,8.969637689117949
-1.0,-0.022085973821292404,0.03593089787544046,-4.1521456923663775
-1.0,-0.2643704108662641,0.5226231176382978,-2.182951394213995
1.0,-1.0,-0.4624765934693884,-10.750313936648933
-0.6174340228637929,-1.0,-1.0,-9.133284899301122
-0.4020406397200369,-1.0,-0.46688652154847543,1.831810792286722
0.19776218034688764,0.7493269271932022,0.6789208263597555,2.6672946561034294
0.1401380197104356,0.805186080568981,-0.19128767657687895,2.3827740442854184
0.2770391405531716,0.17815840908039582,-0.50523692495079,1.374230971925157
-0.8071444294595378,0.5807558839256046,-0.507397000588999,-1.5847966189346048
1.0,0.14652779767434554,-1.0,9.420068500373423
-0.6858381120609376,-0.8153318221921477,0.8526454173728679,3.1044768471099147
-0.12667895599130485,-0.4427492762469014,-0.3187823605898359,0.33691963470732933
-0.5521194755431968,-0.5902251095707862,0.32332359833039637,0.9713722870079949
0.29586961459277084,0.5564252083872023,-0.4208554035832157,0.9494467386120921
-1.0,-0.9583136235175607,1.0,21.28243314532901
0.7500285744272834,0.1952244792216855,-0.34151694765854335,1.2973930432456124
0.41591178466070367,0.13218036629099061,1.0,-0.06599551821973865
0.04262516893385171,-0.016567385246143873,0.17609086313885336,0.5090111704692151
0.2212103464756201,-0.3349814657644914,0.13110885825220753,1.083521830353984
-1.0,-0.7931035149033843,0.8693171066417353,12.666883112777384
0.029563598224528365,0.3524372045209787,-0.31717982574256154,0.9856472610321263
0.38708497961290167,-0.09671981800942642,1.0,-1.1645129414315019
1.0,-0.3199665299775629,-1.0,4.519106089635853
0.9207287800922344,0.3678025973228005,-0.02167877282085695,3.9308475034594617
-0.5938422092784983,-0.7188706458204135,0.558377511462842,1.915283760211124
0.05368301045342272,0.11400571272400395,1.0,0.45586780524492
0.8607546822022611,-0.93865524482867,0.5155807319335997,-1.6243929666994321
-0.5093186134213588,1.0,0.3876449471090828,6.154117630147851
-0.15129845004828946,0.882049115723603,1.0,10.288420113046458
0.7262454309513142,-0.9394706520116951,0.7598991479917987,-0.9556629200923433
-0.3713034690757504,0.12990209073677428,1.0,1.1930692413541024
0.03536058854094937,-1.0,-0.18863792393515455,2.173983789200563
-1.0,0.8675406129149614,0.015520635962987583,2.546380558575352
-0.2798899988616548,-1.0,-0.17109405495820895,2.249689629309799
-0.534237103631457,-1.0,-0.06402427603817151,3.75731871524607
0.7914836396429898,-1.0,-1.0,-27.68302873377245
-0.6575174545083444,0.14456504858501606,-1.0,1.4028319737104835
-0.3354924524056191,-0.25695493351565357,-0.6377195012110424,1.0177706803367177
-0.43557144875449105,-0.04528543885317804,0.5182518016466784,-0.8861098624632879
-0.9214855695155939,-0.5618946679950056,-0.49759545569259167,1.3354884269565903
-0.7155345062561451,0.7880545327370767,-0.022428138826512622,-1.0413060757830692
-0.029432013528962964,-1.0,0.9525947750814314,-5.525172457125056
1.0,-0.6609585357725742,1.0,2.2417206155214453
-0.40768611525566345,1.0,0.10542005441706825,6.182660055215863
0.05747583082904284,0.5752318836156927,-0.2228589653321129,0.9914107191820125
0.4808481647230607,-1.0,-0.04508155160416316,0.29633615329787244
-0.48369926819652775,-0.1001566412935968,-0.49290640116221573,-0.0004866679368921156
0.4723670198254155,-0.6433104860225576,0.21910011704797983,1.8528705073623528
-0.3402995702040341,-0.10378711276645558,0.45827905577851946,0.9085367267887092
0.5070866968887662,-0.2814484116771574,-0.5342548795152489,0.8177049215629224
0.5981600676760197,-0.0828250933642205,-0.26699266306806146,1.36245155472122
-0.16057299555499327,0.5114058690620984,-0.3292929997060998,-0.350058940579628
1.0,0.7292088406088679,1.0,26.806929911350636
-0.5724821285543102,0.4860633689025424,-0.11678101936637386,-1.282157539734365
-0.40003693853034616,-0.6731909857037339,-0.22087563426437584,1.0974439600063584
-1.0,0.15995143310951954,-0.11384193714811763,-3.508116647048188
-0.7150258973908208,0.6464694031644467,-1.0,-0.3804990026858201
-1.0,0.41470372323094096,-0.2673090403903873,-2.519324233850848
-0.9514891733040229,-0.5090984903770097,1.0,7.8294353301739354
0.21340785061653667,0.33927205553534234,-0.6198328752860278,0.5189583187334246
-0.6374452665315893,-1.0,1.0,1.1169222552096814
0.010044380375675344,-0.6431381037042738,-1.0,-7.1145204235066375
0.5600584974872902,-0.20178583801167949,-0.3986537582169096,0.9268128264925355
0.0668958641978965,0.05379112644670214,1.0,0.7693573650276133
-0.008319341966804839,-0.32232487023203604,-0.03180242157333235,1.3497285794997662
-0.4918487870597519,0.3188671480666425,-0.6983829191219084,-1.0964761734940782
-0.5783578979466117,1.0,0.6872070355620696,7.229754857129629
-0.06794979225033071,-1.0,-0.8179828669396378,-8.280636986667954
-0.4642092543115164,-0.6757760057379947,1.0,0.4581428087927689
-0.12359105599025755,0.12255359099912155,0.2859939124676647,0.09881019989384841
-0.1340783677843167,1.0,-0.7512656844676298,8.048718396247313
-0.47339404913112637,-0.5594082200757791,-1.0,-3.8513677563447515
-0.12432076328739572,0.8105827934085859,0.17417196206557017,1.2109073343530583
0.11448293954855848,-1.0,0.4726164130449546,-0.6013077973344876
-0.7816523582907622,-0.531003986140772,0.9977449455477343,3.4900445758950465
-0.887796780126404,0.47904368266207453,-1.0,9.257171089693664
1.0,0.21835493202490253,-0.5706667034508264,5.73680180230713
-0.8438245869130876,-1.0,0.8607628662344171,9.11411026467157
-0.08755308646024296,0.08835717939409204,0.04739269900968979,-0.21590161634408883
0.6598517751761075,0.023127928702852518,0.3102873795096359,1.660700214831383
0.19286249752439244,-1.0,0.2723734983241368,1.2806938078808625
0.3877204509158261,0.346050375614245,0.6065884907841841,0.9778163464834705
-1.0,-0.34911239747979983,-0.0313347716238368,-3.072214455417849
-1.0,-0.42462028617986314,0.07446553473282469,-2.0096095923437325
-0.9914201778737282,-0.37289831846319554,1.0,7.263992158869699
0.9006901481713769,0.7290190027412162,0.5764595902378986,8.79542916634687
0.29597798395902286,-1.0,0.7794881077138072,-1.9387767687694266
0.4256513608083534,1.0,-0.4446080447048093,9.547398047881764
0.4146817825389424,0.7121814471700725,-1.0,-3.2642594420177176
-1.0,1.0,0.09985906126638033,6.669950202174029
-0.005024667312409914,-0.5474056414115884,0.553334659850437,0.3023159095776193
-0.28054630544197323,-0.7137711517773477,0.6645261570633509,0.47493900991825894
1.0,-1.0,-1.0,-29.74201811700971
-1.0,0.6462536688356306,-0.3338537421792027,0.23727569072942856
1.0,1.0,0.5931050711646311,14.805192081385494
-0.6100804229819734,0.268785067534165,-0.9920528440398368,-0.08667408873346699
-0.012651687470565554,0.32682218266109064,0.9295837816821193,1.166422493994893
0.6976413393434024,1.0,-0.1643112796528272,9.155403655047081
-0.45175459902161497,-0.26431153939235585,-0.193876996168606,-0.005520371220036402
0.5550234109515082,0.5888094046591856,0.18189273891346747,1.59438417115123
-0.5593427294081945,-0.5264882038856682,0.6486988722686302,0.9107774027505886
-1.0,0.7609724054781659,1.0,10.180796645467174
1.0,0.7297380052530562,0.4031229728392809,10.575826547645088
0.962267302608552,-0.2833592884943503,0.2995427699461597,5.183588050453768
-0.02325352221642074,0.07525056394574792,0.3232245957855726,0.8754619053356164
0.6016151180194433,-0.3227967242514236,-0.868912821794664,-0.5403050351544562
0.7301126966814118,1.0,-1.0,12.722533597503967
-1.0,0.6241382319359283,0.11839879782428686,-2.4052604414805194
0.8404669731662351,-0.46213307320848696,-0.960179446484045,-2.103676132967257
1.0,0.8280698952892613,-0.3567619762856704,9.137994804422044
-1.0,0.05862277626620038,1.0,3.147204982600376
0.38818877877134184,-1.0,0.661508482941999,-1.3546241682673403
1.0,0.02407074663176867,-0.8150134338473667,7.219120908306126
0.31713516708831313,-0.9839625562918941,-1.0,-19.27159091306533
1.0,-0.22710313710989238,0.6149867637748936,5.8564345461012755
0.8843332785490043,-0.8812198507566633,0.6891419718666845,-1.0093098250451291
0.0043942155552634254,-0.9704070192811041,0.9460133339631942,-3.908252970738908
0.17256648640015282,-0.46121710987673215,-0.018169708701314624,0.5028127946418993
0.6568493894932899,-1.0,0.4543579418953074,-1.3163620978456168
1.0,1.0,-1.0,39.66991534939489
-0.31564898311233835,0.9001998688009563,0.19209825486914345,3.2826607437574387
0.42596244981449494,-0.6238037410599009,1.0,-3.507159965709661
0.8688497268523687,0.3439046595936852,0.6976767309850058,6.830972398148369
0.16725108953481915,0.9442424509703624,0.2607048869877717,5.747971659756104
1.0,1.0,0.5572598665488833,15.144110769400674
0.20735484458934605,0.1849194991583567,0.504941321682177,0.2749299439217648
1.0,0.6631555313562383,-0.05535828629957895,7.3148152662775985
-1.0,0.9022071073902278,-0.9622352441436441,18.231695125804805
-0.46587105818085095,-0.8556357306193163,-0.48892435513214916,1.1495868639866633
-0.13995248242523828,0.06461062079913127,-0.1097778148099986,0.4831065433688827
-1.0,0.5111501564742886,1.0,4.9191661098635455
-0.2147472169928406,-1.0,-1.0,-15.101583136792701
0.32125002141002934,0.8321476806609192,0.7538314285915886,4.3418532408427195
-1.0,0.23274154743060604,-0.06901819453206692,-4.403928657390508
0.5315258496489286,-1.0,-0.4871256835434088,-2.4302914575073578
-0.6725827130696931,-0.3118398646406706,-0.29464667185516324,0.05511139516156266
0.06803648448802746,-1.0,0.9267597919160648,-4.888132044718337
0.384976917105194,0.6763996021250511,1.0,4.268023472570019
0.014352595198904972,-0.0019680152616197155,-0.11845035256912584,1.1024519652241924
0.7556317718698222,-0.6416024266818583,-0.8130138572786072,-1.101414213308194
-0.6591226283057403,0.3524615624079519,0.5926779000950297,-1.475989867465611
-0.4313982761557753,0.9436053469909509,-1.0,-1.0120197932725035
-0.3201397825126777,1.0,-1.0,2.6207243227325443
0.8240349539707097,0.9338076414875303,0.5714422941385082,7.6104353744104625
-0.7276142335075713,-0.6208494540472753,1.0,4.348509438673459
-0.3281399725195764,-0.9666059082239178,-0.258753992707764,2.243753775049798
0.2122163464203326,0.3721178104060294,-0.3404009354232771,1.4459662696958124
0.32382522705891437,-0.2891043514937057,-0.7421089073798988,1.1608181945258662
0.5338305168171975,-0.7345221967091584,0.5889384102845643,0.48334777874377166
-0.401779380774671,-0.5716955097225018,-0.36400087909224443,1.2394782217225937
-0.18070421682927118,-0.552389870837781,-0.4761237096760811,1.3931170331333047
-0.11018596636410716,-0.3079328678792619,-1.0,-3.837317349538697
-0.9077577056744177,0.8348492337125817,-0.6448821866701613,3.2628033828194885
0.35505595998177975,1.0,1.0,10.198886473341322
1.0,-0.6668082153575317,-0.8690425982477141,2.811130863185092
0.6001438709067985,0.7002936353373699,-0.43272984091948374,1.3433010016700622
-1.0,-0.5153749191430199,-0.3442569099005872,-1.035163047188838
-0.562305374437529,-0.33561789321561286,0.4086441849530029,-0.2111407392005806
0.2793990314703778,-1.0,-0.5939812398756119,-2.5323908890390596
1.0,1.0,1.0,26.28346375538405
-1.0,-0.7810919498855002,-0.3474838708818728,2.8407744979000005
1.0,0.0879202022115102,-1.0,9.134965696646498
-0.6840058654499639,-0.04522768432712243,-0.27501720649338535,0.45569507894609595
-0.13423703624321726,0.6684831191601408,0.4429110739505926,0.5027170503005461
-1.0,0.8027834076781895,0.12270741389984474,-0.312561039508919
0.41618955897088905,0.07489728875767776,-0.6654510829300306,1.621009014063268
1.0,1.0,-1.0,39.04886176984266
-0.044449096517636066,0.7628446588811999,-0.8023461115001198,0.28974022887799694
-1.0,-0.18635497131137746,0.7845937423536922,0.0951910768803878
0.7037379179680174,-0.15573642903417673,0.6860793939912708,2.003709419288187
0.32267661098834344,0.30708087798769346,-1.0,-2.822559883360636
-0.1539007612065435,-0.2922517379501115,0.46483768817396665,0.4222084025446167
0.7517444616200328,-0.7693367153641584,-0.1277334430469308,1.134234659552721
-0.1656457205812274,0.5003573759864035,-0.3586674320401775,-0.3823431822003083
-1.0,-0.6795389624518371,0.26670951697029577,2.1633544283756185
1.0,-0.06386335294803369,-0.7016275699374035,5.9483917001768845
